{
    "Music": [
        {
            "PutRequest": {
                "Item": {
                  "Artist": {"S": "Iron Maiden"},
                  "SongTitle": {"S": "Wasting Love"},
                  "AlbumTitle": {"S": "Fear of the Dark Live"},
                  "SongYear": {"S": "1992"}
                }
            }
        },
        {
            "PutRequest": {
                "Item": {
                  "Artist": {"S": "Iron Maiden"},
                  "SongTitle": {"S": "Weekend Warrior"},
                  "AlbumTitle": {"S": "Fear of the Dark"},
                  "SongYear": {"S": "1992"}
                }
            }
        },
        {
            "PutRequest": {
                "Item": {
                  "Artist": {"S": "Iron Maiden"},
                  "SongTitle": {"S": "Fear of the Dark"},
                  "AlbumTitle": {"S": "Fear of the Dark Tour"},
                  "SongYear": {"S": "1992"}
                }
            }
        }
      ]
}
